IndicatorName,Category
Google,1
Microsoft,1
passwords.txt,3
information.txt,2
Cookies.txt,3
Autofills.txt,3
BHF,2
passwords_unique.txt,3
Info.txt,1
version.txt,1
All,1
Opera,1
Opera_Default.txt,2
Brave_Default.txt,2
Brute.txt,3
Chrome_0.txt,1
Cookies_Chrome_Default.txt,2
Cookies_Edge_Default.txt,2
Cookies_Chrome_Profile,3
license.txt,2
system_info.txt,2
Clipboard.txt,3
Chrome,1
Chrome_1.txt,2
Brave_Default_passwords.txt,3
Avast,1
Edge,1
passwords_bruteforce.txt,3
Firefox_0.txt,2
Chrome_2.txt,2
Opera_Default_passwords.txt,3
Edge_0_Memory.txt,2
Brave_0.txt,2
Opera_0.txt,2
[Simple,1
Chrome_0_Memory.txt,2
Google_Chrome_Default.txt,2
build.txt,1
cookie_list.txt,2
Cookies_Opera_Default.txt,3
Chrome_3.txt,2
Token.txt,3
Comet_Default.txt,2
ThirdPartyNotices.txt,1
Google_Chrome_Profile,1
extension.js.LICENSE.txt,1
htmlcache,1
Chrome_4.txt,2
Mozilla,1
Cookies_Opera,2
Edge_1.txt,1
top_level.txt,3
Cookies_Edge_Profile,2
Google_Edge_Default.txt,2
Cookies_Brave-Browser_Default.txt,2
Chrome_5.txt,2
EBWebView,3
ProductKey.txt,3
DomainsDetect.txt,3
requirements.txt,1
Copilot,1
Edge_Default_Cookies.txt,2
History.txt,3
SteamTokens.txt,3
entry_points.txt,2
Restore.txt,2
Cookies_Brave_Default.txt,2
pc_info.txt,2
Brave_Profile,2
Processes.txt,2
Debug.txt,2
Software.txt,2
Comet_Default_passwords.txt,3
Autofills_Chrome_Default.txt,3
Chrome_Default_Cookies.txt,2
DiscordTokens.txt,3
